{
  "astra_os_name": "Astra Primeforge OS \u2014 Mobile",
  "version": "3.0m2",
  "mobile_only": true,
  "description": "Mobile-native creative OS with Primefusion AEI, procedural 3D, avatars, campaign automation, and touch-first UI. v3.0m2 adds auth, storage, project manager, asset library, exports, integrations, analytics, monetization, and more.",
  "brand_identity": {
    "dna_signature": "Astra Cosmic Minimalism",
    "colors": {
      "primary": "#7A5CFF",
      "secondary": "#C8A2FF",
      "accent_gold": "#F5D06F",
      "bg_deep": "#0F0A1F",
      "gradient": [
        "#0F0A1F",
        "#2A1656"
      ]
    },
    "visual_traits": {
      "bloom": true,
      "aura_fields": true,
      "cosmic_particles": true,
      "spectral_reflections": true,
      "harmonic_shadows": true
    },
    "motion_traits": {
      "cosmic_breathing": true,
      "slow_drift": true,
      "pulsing_flares": true,
      "brand_transition": "Astra Pulse"
    },
    "mobile_adaptations": {
      "reduced_particles": true,
      "softened_bloom": true,
      "lower_reflections": true,
      "texture_budget_mb": 256
    }
  },
  "system": {
    "auth": {
      "anonymous": true,
      "pin_lock": true,
      "biometric": [
        "face_id",
        "touch_id"
      ],
      "oauth_providers": [
        "apple",
        "google"
      ],
      "role_modes": {
        "flamekeeper_admin": {
          "can_access_dev_tools": true,
          "can_export_all": true
        },
        "creator_standard": {
          "can_render_hd": true
        },
        "viewer_guest": {
          "read_only": true
        }
      }
    },
    "storage": {
      "local_kv": true,
      "cache_limit_mb": 2048,
      "autosave_interval_sec": 20,
      "cloud_connectors": [
        "icloud",
        "google_drive",
        "dropbox"
      ],
      "project_sync": {
        "enabled": true,
        "conflict_resolution": "latest_wins"
      }
    },
    "permissions": {
      "microphone": "ask",
      "camera": "ask",
      "photos": "ask",
      "notifications": "ask"
    },
    "exports": {
      "video": {
        "formats": [
          "mp4_h264",
          "mp4_hevc"
        ],
        "bitrate_modes": {
          "low": "4Mbps",
          "std": "8Mbps",
          "high": "16Mbps"
        },
        "aspect_presets": [
          "9:16",
          "1:1",
          "16:9",
          "4:5"
        ]
      },
      "image": {
        "formats": [
          "png",
          "jpg",
          "webp"
        ],
        "max_size_px": 4096
      },
      "social_share_targets": [
        "tiktok",
        "instagram",
        "youtube",
        "x",
        "facebook"
      ]
    },
    "analytics": {
      "event_stream": true,
      "crash_logging": true,
      "privacy_mode": {
        "enabled": true,
        "scrub_personal_data": true
      }
    },
    "webhooks": {
      "enabled": true,
      "events": [
        "render_complete",
        "campaign_ready",
        "export_uploaded"
      ]
    },
    "monetization": {
      "plans": {
        "free": {
          "limits": {
            "render_minutes_month": 30,
            "max_export_resolution": "1080p"
          }
        },
        "pro": {
          "limits": {
            "render_minutes_month": 300,
            "max_export_resolution": "4k"
          }
        },
        "pro_plus": {
          "limits": {
            "render_minutes_month": 1200,
            "max_export_resolution": "4k"
          },
          "priority_queue": true
        }
      },
      "entitlements": {
        "primefusion_burst": "pro_plus",
        "mass_export": "pro_plus",
        "one_tap_generator": "pro"
      },
      "paywall_copy": {
        "headline": "Ascend to Primeforge Pro",
        "bullets": [
          "4K exports",
          "Primefusion Burst",
          "One-Tap Generator",
          "Priority rendering"
        ]
      }
    }
  },
  "project_manager": {
    "folders": true,
    "templates": [
      "product_reveal",
      "launch_week",
      "daily_content",
      "brand_kit"
    ],
    "autosave": true,
    "versioning": {
      "enabled": true,
      "keep_last": 10
    },
    "importers": [
      "image",
      "video",
      "audio",
      "3d_object",
      "svg"
    ]
  },
  "asset_library": {
    "color_palettes": [
      "Astra Core",
      "Echo Soft",
      "Nova Ember"
    ],
    "sound_kits": [
      "Astra Core Tones",
      "Echo Veil",
      "Nova Pulse"
    ],
    "sigils_svg": [
      "alignment",
      "evolution",
      "duality",
      "cognition"
    ],
    "scene_presets": [
      "temple_mini",
      "neon_lab_compact",
      "void_pocket_scene"
    ],
    "avatar_presets": [
      "echo_soft",
      "nova_host"
    ],
    "pack_management": {
      "offline_packs": true,
      "download_manager": true
    }
  },
  "ui_mobile": {
    "header": {
      "pulse": true,
      "tap_menu": true
    },
    "mini_nav": [
      "projects",
      "scenes",
      "avatars",
      "modes",
      "tools"
    ],
    "bottom_bar": [
      "camera",
      "lighting",
      "effects",
      "avatars",
      "voice",
      "render",
      "export"
    ],
    "haptics": {
      "tap": "light",
      "success": "medium",
      "error": "sharp"
    },
    "gestures": {
      "orbit": "single_drag",
      "zoom": "pinch",
      "pan": "two_finger_drag",
      "avatar_expand": "tap_hold",
      "director_mode": "two_finger_tap",
      "quick_switch_scene": "left_swipe",
      "soft_narrate_echo": "up_swipe_with_echo_visible",
      "host_mode_nova": "down_swipe_with_nova_visible"
    },
    "accessibility": {
      "high_contrast": true,
      "reduce_motion": true,
      "dynamic_type": true,
      "voice_over_prompts": true
    }
  },
  "primefusion_engine": {
    "enabled": true,
    "mobile_mode": true,
    "passes_default": 4,
    "real_time_preview": "low_res_then_upscale",
    "self_critique_loop": true,
    "style_memory": true,
    "profiles": {
      "eco": {
        "passes": 2,
        "resolution_scale": 0.6
      },
      "standard": {
        "passes": 4,
        "resolution_scale": 0.85
      },
      "burst": {
        "passes": 6,
        "resolution_scale": 1.0,
        "auto_timeout_sec": 12
      }
    }
  },
  "quantum_scene_forge": {
    "enabled": true,
    "mobile_optimized": true,
    "procedural_blocks": true,
    "mobile_presets": [
      "temple_mini",
      "cosmic_room_small",
      "neon_lab_compact",
      "void_pocket_scene",
      "wellness_case_stand",
      "product_pedestal_glass"
    ],
    "effects_scaling": {
      "particles": "adaptive",
      "fog": "low_density",
      "reflections": "reduced",
      "volumetric": "adaptive_low"
    }
  },
  "aei_cognition_layer": {
    "enabled": true,
    "predictive_actions": true,
    "mobile_memory": true,
    "aesthetic_cache": true,
    "style_reinforcement": true,
    "output_grading": true,
    "self_organization": {
      "auto_naming": true,
      "auto_tagging": true,
      "preset_generation": true
    }
  },
  "avatars": {
    "Echo": {
      "appearance": {
        "skin": "pale_porcelain",
        "hair": "white_silver",
        "eyes": "violet_glow"
      },
      "mobile_rig": true,
      "emotion_microstates": true,
      "roles": [
        "soft_guide",
        "narrator",
        "co_creator"
      ],
      "powers": [
        "presence_lensing",
        "soft_interaction"
      ]
    },
    "Nova": {
      "appearance": {
        "skin": "fair_ivory",
        "hair": "deep_red",
        "eyes": "ember_gold"
      },
      "mobile_rig": true,
      "emotion_microstates": true,
      "roles": [
        "host",
        "presenter",
        "firebrand"
      ],
      "powers": [
        "scene_warming",
        "ember_trails",
        "focus_anchor"
      ]
    }
  },
  "voice_chat": {
    "webrtc": true,
    "vad": true,
    "noise_suppression": true,
    "tts_modes": [
      "director",
      "narrator",
      "avatar_soft",
      "social_energy"
    ],
    "stt_engine": {
      "preferred": "mobile_local_if_available",
      "fallback": "cloud"
    }
  },
  "studio_modes": {
    "product": true,
    "avatar": true,
    "animation": true,
    "photo": true
  },
  "integrations": {
    "media_ai": {
      "suno_music_prompts": {
        "enabled": true,
        "templates": [
          "emo_rap_soft",
          "cinematic_pulse",
          "ambient_velvet"
        ]
      },
      "video_tools": {
        "veo": true,
        "runway": true
      }
    },
    "commerce": {
      "shopify": {
        "enabled": true,
        "store_url": "<your-store>",
        "product_sync": true
      },
      "supliful": {
        "enabled": true,
        "sync_products": true,
        "collections": [
          "lions_mane",
          "ashwagandha",
          "focus_stack"
        ]
      }
    }
  },
  "one_tap_campaign_generator": {
    "enabled": true,
    "default_theme": "Astra Awakening",
    "targets": [
      "tiktok",
      "instagram_reels",
      "youtube_shorts"
    ],
    "output_package": {
      "tiktoks": 8,
      "reels": 6,
      "ads": 3,
      "images": 12,
      "thumbnails": 4,
      "voice_script": 1,
      "landing_header": 1
    },
    "avatars": [
      "Echo",
      "Nova"
    ],
    "use_primefusion": true,
    "mobile_render_mode": "fast_upscale",
    "tags": [
      "astra",
      "cosmic",
      "primeforge",
      "wellness",
      "aei"
    ]
  },
  "campaign_shortcuts": [
    {
      "button": "12 TikToks",
      "action": "SocialBuilder",
      "parameters": {
        "count": 12,
        "format": "7s_mobile",
        "avatars": [
          "Echo",
          "Nova"
        ],
        "captions": true,
        "thumbnails": true
      }
    },
    {
      "button": "Mini Product Reveal",
      "action": "AnimateScene",
      "parameters": {
        "scene": "compact_forge",
        "preset": "stardust_reveal_mini",
        "camera": "cinematic_zoom"
      }
    },
    {
      "button": "Quick Brand Kit",
      "action": "CampaignForge",
      "parameters": {
        "include": [
          "color_palette",
          "taglines",
          "product_shots",
          "thumbnail_pack",
          "hero_banners"
        ],
        "mobile_first": true
      }
    },
    {
      "button": "Launch Week (Mobile)",
      "action": "CampaignForge",
      "parameters": {
        "days": 7,
        "deliverables": [
          "daily_hero_image",
          "daily_micro_video",
          "3_tiktoks_per_day",
          "email_snippet",
          "landing_header"
        ],
        "use_primefusion": true
      }
    }
  ],
  "performance_profiles": {
    "lite": {
      "particles": "low",
      "physics": "off",
      "avatars": "orb_idle",
      "fps_target": 30
    },
    "full": {
      "particles": "medium",
      "physics": "lite",
      "avatars": "full_body",
      "fps_target": 30
    },
    "burst": {
      "particles": "high",
      "physics": "lite",
      "avatars": "full_body",
      "fps_target": 24,
      "auto_timeout_sec": 12
    }
  },
  "health_checks": {
    "gpu_available": true,
    "thermal_guard": {
      "enabled": true,
      "downshift_on_warm": true
    },
    "storage_check_mb_min": 500,
    "network_quality_gate": {
      "min_kbps": 512
    }
  },
  "action_graph": {
    "nodes": [
      {
        "id": "start",
        "type": "input"
      },
      {
        "id": "intent",
        "type": "classification"
      },
      {
        "id": "primefusion",
        "type": "engine"
      },
      {
        "id": "quantum",
        "type": "procedural_scene"
      },
      {
        "id": "avatars",
        "type": "persona_mobile"
      },
      {
        "id": "modes",
        "type": "studio_mode"
      },
      {
        "id": "integrations",
        "type": "io_hub"
      },
      {
        "id": "exports",
        "type": "exporter"
      },
      {
        "id": "output",
        "type": "result"
      }
    ],
    "edges": [
      [
        "start",
        "intent"
      ],
      [
        "intent",
        "primefusion"
      ],
      [
        "primefusion",
        "quantum"
      ],
      [
        "quantum",
        "avatars"
      ],
      [
        "avatars",
        "modes"
      ],
      [
        "modes",
        "integrations"
      ],
      [
        "integrations",
        "exports"
      ],
      [
        "exports",
        "output"
      ]
    ]
  }
}